USERNAME, EMAIL, PASSWORD, GROUP

admin, admin@little.lemon, lemon@789!

john, john@little.lemon, johnPass!, Manager
emily, emily@little.lemon, emilyPass!, Manager
david, david@little.lemon, davidPass!, Manager

alex, alex@little.lemon, alexPass!, Delivery crew
sarah, sarah@little.lemon, sarahPass!, Delivery crew
mike, mike@little.lemon, mikePass!, Delivery crew

mabu, mabu@mabu.com, mabuPass!, Customer
eyob, eyob@eyob.com, eyobPass!, Customer
dere, dere@dere.com, derePass!, Customer